X1,X2,Y
0.4674689280879314,0.046469147948944634,0.0
0.3275170373894998,0.16126735427475802,0.0
0.10527830860890441,0.17104007001450583,0.0
0.054193763483598945,0.4752450212837014,0.0
0.694184636735514,0.25475378567369134,2.0
0.1177678820377478,0.3484197925142952,0.0
0.2146782567270058,0.20783573889159757,0.0
0.8059878411698728,0.7547688288576643,1.0
0.3306928214947634,0.605281122046346,0.0
0.4458946945453197,0.345717544882594,0.0
0.3595973961671013,0.7348482797013948,0.0
0.39714716704919795,0.6561497845897653,0.0
0.5861830558873322,0.5027473433628268,1.0
0.5118643646933008,0.6821702231048529,1.0
0.6767621262739125,0.6130219316950043,1.0
0.4933539550852163,0.45128701597862797,0.0
0.8371255237769829,0.6281386384478388,1.0
0.4490832622253713,0.012493943722052703,0.0
0.9990197111512985,0.9629667541375394,1.0
0.9300997960086241,0.1352781385545554,2.0
0.5046069873567519,0.8155440764013999,1.0
0.6459556789964516,0.23128602374001428,2.0
0.2573988331173953,0.5602505976689174,0.0
0.5153285973929109,0.981621486504615,1.0
0.21648799023538223,0.3557322732832262,0.0
0.10404749077250985,0.31260076251361946,0.0
0.10018700041623863,0.313371289901472,0.0
0.6875037111094449,0.4797065621722548,2.0
0.2835792162128784,0.517460568960142,0.0
0.29497457344453815,0.4709924860169874,0.0
0.9924472449855222,0.20525073584013653,2.0
0.32054289432479166,0.36070368935605424,0.0
0.08312295028697303,0.5504334412256302,0.0
0.6005171168703682,0.355667139750949,2.0
0.6089163114731483,0.6500332077509627,1.0
0.2954231825445196,0.9434904769413117,0.0
0.12870877764499022,0.7421194858352215,0.0
0.3506241760550606,0.8818884989609583,1.0
0.10766644418933813,0.9103487874515688,0.0
0.47294778071947485,0.7052969958948102,1.0
0.2662933545701641,0.696113722218176,0.0
0.6912359569067262,0.992477436823517,1.0
0.16581965257463926,0.4075558963692938,0.0
0.16473870517810651,0.9616345730753774,0.0
0.3684912274354315,0.8211762924413464,1.0
0.7103238751628671,0.8045017930933739,1.0
0.08205428497365064,0.2156323849574293,0.0
0.19985217075300754,0.33991192750789967,0.0
0.1553019748958061,0.7910082476517859,0.0
0.1773322602022629,0.9570791098444119,0.0
0.9548369813573839,0.41296533928671963,2.0
0.35012005900831167,0.431660670750306,0.0
0.9402379745593075,0.5017274750176178,1.0
0.2086060678033509,0.50209612651073,0.0
0.949819303898045,0.6412210128307326,1.0
0.21833791747591902,0.09682098390889238,0.0
0.3946437365029217,0.14639831760573319,0.0
0.3343370613620762,0.014126944914958695,0.0
0.7869269491674619,0.29199359041392947,2.0
0.7472829463446622,0.27779749808457666,2.0
0.9947467963605799,0.05821502953038726,2.0
0.5225139773152915,0.01282435097529333,0.0
0.11393948965190093,0.7481787898989793,0.0
0.6044404915743031,0.04596330747005928,0.0
0.6716795787437563,0.1708543762355097,2.0
0.0672928839161182,0.149183526918639,0.0
0.28163892193829154,0.12406150554555884,0.0
0.5241032027665044,0.649906982382745,1.0
0.5990376608768571,0.2534902130814741,0.0
0.9769403225088207,0.24784257049988567,2.0
0.14324768879526528,0.27264133190300444,0.0
0.8032310056210937,0.8228454435196096,1.0
0.32775612628063466,0.9586350673002495,1.0
0.762126044106772,0.1820234218620561,2.0
0.7397933899089999,0.3952602365325194,2.0
0.40725950570169234,0.04513319255899961,0.0
0.43244860132759855,0.6493458161616931,1.0
0.5399311914890671,0.8028444499020364,1.0
0.018810941359591826,0.6822267636561112,0.0
0.18114818094106355,0.4238959445553846,0.0
0.8022586362783667,0.903662123730891,1.0
0.055222208832999,0.018636711009625828,0.0
0.4053245097946655,0.5628218840498025,0.0
0.892008591898064,0.2835961915430636,2.0
0.756380219671514,0.1005490757468489,2.0
0.8482864961761639,0.8632596616022504,1.0
0.5387687283726204,0.8305451641333007,1.0
0.4436854183032951,0.587793545704206,0.0
0.591012462510432,0.7720838886455237,1.0
0.4168393014755555,0.5237117659451694,0.0
0.8508829977334429,0.4400410662213915,2.0
0.0735275144627594,0.038698972010152155,0.0
0.9941414336461257,0.9303737923801482,1.0
0.7844646738330705,0.7950577707491345,1.0
0.9939779630137634,0.1365033283281607,2.0
0.8258234057081615,0.016118062902586328,2.0
0.6095740135872147,0.005446484863069867,0.0
0.9959776265338361,0.8189870183217768,1.0
0.1397149788911638,0.2710679246281046,0.0
0.4604980693412156,0.6425666446728384,1.0
0.903431326241326,0.8668064505262353,1.0
0.6121845540089333,0.9806404644135234,1.0
0.07457003134788165,0.3049564084682508,0.0
0.5909611113592128,0.3168315335277334,2.0
0.37074565146955707,0.6161753024655688,0.0
0.4937696286547616,0.8669126765556847,1.0
0.18587346488176126,0.2242575583583971,0.0
0.30900189490967045,0.07427572237628233,0.0
0.9747256465735575,0.8844570633718408,1.0
0.3805825468809688,0.8512854507724037,1.0
0.3960906106890443,0.30857321137934146,0.0
0.600631879066102,0.7340188908976044,1.0
0.1968490858032792,0.6722023373743209,0.0
0.5298824672277235,0.45553454086646705,0.0
0.31315248105451077,0.6103232665328902,0.0
0.15931461099701216,0.29095955714254584,0.0
0.0408173520796653,0.03366842372637224,0.0
0.5274046829229198,0.25909334849029075,0.0
0.20591501296888537,0.4650684157276527,0.0
0.3814762352872453,0.9726171033926754,1.0
0.2886162212848391,0.6432002791402741,0.0
0.9883446147441017,0.8801964520444103,1.0
0.3590866277317585,0.1994879135816533,0.0
0.5918307234602954,0.0532304283831212,0.0
0.8343490825686521,0.7991577148054002,1.0
0.2776851323818279,0.39071154412750675,0.0
0.6223639537151168,0.07497515797375098,0.0
0.0075871036085367605,0.854083291384002,0.0
0.5389061536808275,0.1993732941932409,0.0
0.24730990111943618,0.30156972400114657,0.0
0.9515577003894319,0.19756389083454495,2.0
0.682614705136928,0.14206567805032466,2.0
0.16461299095140225,0.8540656705336732,0.0
0.9023512078077214,0.7908524726167221,1.0
0.3090064141338379,0.7869904314703501,0.0
0.8765551412232427,0.48320768348105214,2.0
0.2914254456877263,0.6284071182691756,0.0
0.802235208437371,0.7013960520379748,1.0
0.24377931982351275,0.8135880335103549,0.0
0.24791884106558892,0.8730995462263282,0.0
0.9498560242013041,0.1548822786757157,2.0
0.43157992971782055,0.1487861595470592,0.0
0.14112729256297007,0.8782993548636536,0.0
0.5341159909884886,0.4836814324030343,2.0
0.4870252060179536,0.009441538551890338,0.0
0.9129172271497902,0.4505389148907031,2.0
0.17228706995856824,0.6581258160072864,0.0
0.2899288079774037,0.22462162196111213,0.0
0.09827410200047126,0.25299589025138014,0.0
0.051648397853081285,0.24412570788608623,0.0
0.43254140035798083,0.07153684228577739,0.0
0.5212627241269047,0.24290565532035013,0.0
0.5984804373674179,0.7165357330417265,1.0
0.7772168678427124,0.17267294946017175,2.0
0.9284540511171132,0.35058539360269614,2.0
0.43137717256681574,0.5167527136634439,0.0
0.6258608222467972,0.8702624950088037,1.0
0.9174703205006836,0.5498434824040218,1.0
0.6967585018311033,0.42730071357244437,2.0
0.6860126241995188,0.6986947050892715,1.0
0.9798418096129184,0.654396773607033,1.0
0.712992325221228,0.3803770145336083,2.0
0.6736274568340723,0.6652140990576771,1.0
0.9803064146543058,0.2942438184229248,2.0
0.5278717545522177,0.6459239148247523,1.0
0.23736420171188988,0.8487902225583389,0.0
0.0065510282817847765,0.2540757134205217,0.0
0.0012465096857658953,0.6433757326834143,0.0
0.5320988455558552,0.5199992916297171,1.0
0.3237899327629349,0.7284227578097456,0.0
0.3793507727483476,0.521459218675086,0.0
0.7698910468199346,0.9795646459547143,1.0
0.5728564072669519,0.7022705210048772,1.0
0.3428749105877241,0.9281364536955996,0.0
0.5472811900366392,0.7085764986875648,1.0
0.8331083859442112,0.5914157227613951,1.0
0.693475513654561,0.78394453443006,1.0
0.8100894801521391,0.8788760742685598,1.0
0.39142602276686,0.6710338377332661,0.0
0.03205708786940642,0.16455625563259013,0.0
0.7459770962222199,0.7727850678568543,1.0
0.48661588966656655,0.8814151491399558,1.0
0.39790501309483106,0.28022114595224534,0.0
0.3832960927520328,0.1512853675635505,0.0
0.1889315354194686,0.03041088742557596,0.0
0.5952292815765003,0.5991769533160408,1.0
0.2846404572173,0.7235047013997667,0.0
0.49783334230622944,0.8366249186172906,1.0
0.9333983039739733,0.6836841320556301,1.0
0.6733125680629621,0.22297817803986597,2.0
0.8483156873361181,0.8161483197546969,1.0
0.870121928951363,0.9104827016183749,1.0
0.19398799095562957,0.8654544314822236,0.0
0.6864903586953519,0.6555621448439913,1.0
0.8068134966173891,0.6564182272363,1.0
0.8327154347297716,0.10785136950464769,2.0
0.2589006250811514,0.22604416192163546,0.0
0.2994554686547395,0.7459629618908376,0.0
0.16324573499653272,0.39884241418492716,0.0
0.05725238705172908,0.30531831588880176,0.0
0.2152276480382027,0.6932659383333328,0.0
0.49231519145860947,0.5837320778206669,1.0
0.36543482055458687,0.5999860950180806,0.0
0.1959844077678129,0.7868787492081938,0.0
0.9333468109244367,0.5197262056771129,1.0
0.38674198667573545,0.7099862571704635,0.0
0.2013560359864799,0.8174914563986015,0.0
0.11988689675422493,0.5969747401255371,0.0
0.27537112231354444,0.011465196890329321,0.0
0.2620230962757557,0.5378174007536014,0.0
0.1972500648580029,0.37510768991132204,0.0
0.3013706219841814,0.6313958524465579,0.0
0.8084976085561345,0.931467432881199,1.0
0.5143310314060534,0.2563031269138055,0.0
0.4712517374403914,0.18787987630951564,0.0
0.5787935173998102,0.934643527194773,1.0
0.19782429971903692,0.714432497641478,0.0
0.5943815211169197,0.9062734715252809,1.0
0.5697878786227155,0.2340627741654765,0.0
0.8707299859247933,0.8349649981254494,1.0
0.30437793285716963,0.9756283850234726,1.0
0.07922723975766677,0.23675595302831876,0.0
0.24267759243802178,0.21499080084690347,0.0
0.7344380573365735,0.8188886892620513,1.0
0.3965083363110933,0.9082604270330122,1.0
0.1599844680418272,0.6683427068205128,0.0
0.4812467009018637,0.013644300564367384,0.0
0.7964998731255931,0.7913803358777584,1.0
0.8661619858715403,0.4946575086220527,2.0
0.12746403216523117,0.047827455862301416,0.0
0.5493647684121109,0.2128620313155688,0.0
0.8808020020006008,0.7923510451765354,1.0
0.3335737967391491,0.1333386133696568,0.0
0.7503457220534355,0.31525272420903827,2.0
0.8809393569029503,0.6504617246701404,1.0
0.5964425632878976,0.48068127200154986,2.0
0.24416358056268772,0.9656318597877918,0.0
0.26273318198906104,0.4835427116583788,0.0
0.2762536520415958,0.7771463716479831,0.0
0.75360146101696,0.4712757789568949,2.0
0.9736914257963378,0.03913220782409588,2.0
0.45914337543796946,0.41938899404129115,0.0
0.7484210264067135,0.6535912590158436,1.0
0.006810644355259798,0.22733161993316575,0.0
0.9508202703023187,0.8867879956111188,1.0
0.17289214556776566,0.18241625181325072,0.0
0.5703519945566919,0.5204560651238835,1.0
0.997722240098596,0.20818318339797848,2.0
0.8206593362750646,0.3511929410056598,2.0
0.39810588334563757,0.05157968176037553,0.0
0.8823526685630155,0.7512558066412389,1.0
0.07296881723814352,0.08052005343623281,0.0
0.23938681920673865,0.10864306193773154,0.0
0.181894586089418,0.8936742065223919,0.0
0.12169632062607993,0.30430984893169855,0.0
0.17994194525663576,0.1454398665143305,0.0
0.49064454095441223,0.8724545265222029,1.0
0.18714013572054955,0.31615731028755134,0.0
0.1404527939371687,0.1838167977952273,0.0
0.2899118829875925,0.35429112001495566,0.0
0.7580715765927798,0.4934612927705905,2.0
0.6428570204668445,0.3289356341672903,2.0
0.8593854184088042,0.022900503066716427,2.0
0.280021368629235,0.15033480886738404,0.0
0.7806640536351576,0.7766732937130346,1.0
0.24866943998202906,0.5445218039527475,0.0
0.3473642285009909,0.13460074628768803,0.0
0.9640982506092001,0.6099924667873389,1.0
0.2482900323557682,0.6633317183849736,0.0
0.8670747653189491,0.08070488060327186,2.0
0.8792166386599489,0.2992047031182208,2.0
0.7826967813319297,0.6112558039723097,1.0
0.31089119080468397,0.116570798940962,0.0
0.902242171697006,0.23116306218923688,2.0
0.07629979174555823,0.5631769420044607,0.0
0.39919115838388264,0.9570948993564933,1.0
0.6881153925924302,0.31566457428236483,2.0
0.22966584580546623,0.2583662598023434,0.0
0.05758996433588082,0.5252795717044624,0.0
0.92209813305256,0.3969991082304475,2.0
0.0634760638454187,0.24552521039612984,0.0
0.5718022007166311,0.7189925635536705,1.0
0.8564372367354207,0.33031988211582153,2.0
0.07969849418458497,0.5842206915626803,0.0
0.8789396709373938,0.5502328975139882,1.0
0.6902668005988283,0.8617417659803556,1.0
0.3134898768128668,0.2334317503166159,0.0
0.9200355890154643,0.2590005249542132,2.0
0.9823405631579974,0.596573517952869,1.0
0.5112393760503158,0.6228637434451506,1.0
0.6150413339150377,0.7357452717179095,1.0
0.21336050095216597,0.589695982744511,0.0
0.7496418123793659,0.4725072123737417,2.0
0.6288022052759545,0.4867115770988292,2.0
0.4728781947632368,0.9642397575019187,1.0
0.3631619849622646,0.3957515639228463,0.0
0.8490555531374163,0.2870853158870347,2.0
0.5287435704225942,0.5673888442588644,1.0
0.031238123473892432,0.08473848590444921,0.0
0.5557165286802148,0.4566912010360461,2.0
0.444557360629672,0.987494325102406,1.0
0.6637593172701222,0.7619017717006754,1.0
0.3448403418942185,0.7881719284730334,0.0
0.24582473499634672,0.17618979935391976,0.0
0.22723625395168967,0.8618253093926986,0.0
0.9639422209141659,0.6886071789337089,1.0
0.2009571303527068,0.6098615125919341,0.0
0.5914225496146532,0.774571922549016,1.0
0.5300487203965198,0.3697319147835386,0.0
0.5552588954186375,0.38849093166705795,2.0
0.8177076364383208,0.539043604181585,1.0
0.8314718215689673,0.09642163981108243,2.0
0.5210371848118167,0.7124258134342095,1.0
0.5186658735566269,0.8688501900675492,1.0
0.813107158801483,0.8852868684354568,1.0
0.4781002846398703,0.15123237931279165,0.0
0.5300792972490243,0.7935266136040459,1.0
0.23392600341165615,0.004286132009085675,0.0
0.6243529273488385,0.6834512623923598,1.0
0.7072831787661067,0.2924336426558246,2.0
0.9208483730607759,0.9317285393859208,1.0
0.6894535268253167,0.45711450271468657,2.0
0.3948448301521954,0.7130902878667985,0.0
0.5246743972234308,0.27298123919616557,0.0
0.9327779133523069,0.2456768835009373,2.0
0.516136244226133,0.7043043016695072,1.0
0.35623863131640077,0.13027391079225947,0.0
0.7165663308752355,0.9030374700156817,1.0
0.6624939501064766,0.3738905793133991,2.0
0.5976747760930061,0.1980556449912697,0.0
0.46236960814304284,0.1554579938933197,0.0
0.14536422864697818,0.8489665950929394,0.0
0.29284795060478774,0.9730878946124917,0.0
0.2882160829713599,0.27136627725502827,0.0
0.9553297120345464,0.31810993180423097,2.0
0.7684113747218148,0.8670261498402158,1.0
0.7418153298601714,0.42780429442734347,2.0
0.8954211858904606,0.23766823293056227,2.0
0.4133153279324582,0.9648815355154047,1.0
0.8411653930159972,0.4665539945048015,2.0
0.7308923949262667,0.12546793165821202,2.0
0.537682427803428,0.9119119296846728,1.0
0.7093356478098365,0.028976903316764946,2.0
0.7681487150489116,0.7165949759799899,1.0
0.7363300369514622,0.8916912697021443,1.0
0.26415484367521513,0.9617718099163004,0.0
0.05797754599698879,0.6443348686348866,0.0
0.8158045579843161,0.8031508072355209,1.0
0.651707400474297,0.9760775415436621,1.0
0.7517033142479564,0.9366183207264178,1.0
0.4584108466533119,0.020430614293419413,0.0
0.29533336351706607,0.4863176529243748,0.0
0.9478847294095005,0.007336685036932189,2.0
0.2326025713567188,0.3849894311214096,0.0
0.15441486056314158,0.7653827610245766,0.0
0.0815249956420172,0.18218668419588957,0.0
0.16212484513352365,0.24372162521151564,0.0
0.1595229067243359,0.004586140867607003,0.0
0.3533897211035507,0.21035255965923583,0.0
0.9601013649963718,0.15266165196473136,2.0
0.034227632607862546,0.26187331951924575,0.0
0.3081378651225072,0.49466323814919966,0.0
0.8956580861498357,0.4573649776236224,2.0
0.41374589705115994,0.6575527682216488,0.0
0.5684783170686831,0.7362118629117697,1.0
0.9506015493837575,0.30169243397580536,2.0
0.5547401119157892,0.09579490497716459,0.0
0.9916149840347298,0.40887259721295854,2.0
0.10975806627675977,0.8927668459879536,0.0
0.6783650582626034,0.5639029736825871,1.0
0.4118100152055013,0.27193215364583756,0.0
0.37105877746971505,0.00971166241269561,0.0
0.8769627206396329,0.7575189372533998,1.0
0.19443413263086995,0.6029251515807554,0.0
0.7986736883237694,0.5261050797558736,1.0
0.8840685305428356,0.24776829897072028,2.0
0.9592871788746837,0.04262722162586752,2.0
0.5166242279191775,0.6306510425470891,1.0
0.6103600961816192,0.5682140804959962,1.0
0.3948916645208005,0.9555444242261348,1.0
0.8744745544140211,0.00824800223273825,2.0
0.864971304544698,0.18815159649903201,2.0
0.13730450618001477,0.6883553697718559,0.0
0.20134950974702326,0.5069446286897792,0.0
0.9409758421994922,0.3735805065238458,2.0
0.9352519237430844,0.33838261943730485,2.0
0.3214705277761606,0.04641697639090703,0.0
0.13358401687460064,0.294287559450672,0.0
0.6032241050539773,0.8152699220850015,1.0
0.9720617100669032,0.12587225543560288,2.0
0.7383441217600621,0.026102505188809078,2.0
0.014131234780602298,0.1431234878266393,0.0
0.24447293043434648,0.716300243220935,0.0
0.5716993602646603,0.03342098579842823,0.0
0.44173030776001476,0.6188019246202162,0.0
0.6090926545264501,0.4424168792197326,2.0
0.23678017287113118,0.12164170673166808,0.0
0.5279186995850158,0.898521633594587,1.0
0.9371490956009623,0.6894175883133794,1.0
0.8438906990304212,0.5122778261383951,1.0
0.5032760385192059,0.11696344590130126,0.0
0.16104238582821795,0.10131018497584798,0.0
0.2649871792808811,0.8834770457777177,0.0
0.5003800676996282,0.5167816697462613,1.0
0.274835423329835,0.21014495768195207,0.0
0.540851262530556,0.4199299137751804,2.0
0.8878425114467035,0.08536939729952908,2.0
0.2566253636168121,0.8263841303750117,0.0
0.42092875828096443,0.4373637290435074,0.0
0.4649330739873373,0.591091361077679,1.0
0.2809472230806206,0.3549245362137039,0.0
0.8689764351814689,0.4719509562447948,2.0
0.4012925035674425,0.35130575238565187,0.0
0.5617933156108444,0.07300322775650425,0.0
0.4806303069689103,0.10361154066566758,0.0
0.19264558781220564,0.08660093569447835,0.0
0.7324688014457151,0.2248251938537894,2.0
0.15383547650716645,0.11635580980311688,0.0
0.7458669817479424,0.3487124102455198,2.0
0.5541992848586788,0.19344939228855373,0.0
0.0027128003456547978,0.5221304862640025,0.0
0.974546333473569,0.7926258092195854,1.0
0.006531438280132917,0.7850560685571026,0.0
0.6957453567818668,0.313830939481324,2.0
0.08409912277660192,0.2528953251769258,0.0
0.1612070436220715,0.116842183866386,0.0
0.6698287809039933,0.6623440517359588,1.0
0.7142503904908835,0.9730808694846488,1.0
0.7064089151878713,0.6972407530801791,1.0
0.4947978257110279,0.5978130246042876,1.0
0.27549516601369217,0.2086989459465064,0.0
0.8002965159878509,0.08901617326111178,2.0
0.8757219614869419,0.2162488135405899,2.0
0.5081583507566909,0.23347395750059652,0.0
0.6749006470636499,0.7024172966260622,1.0
0.8776448077270254,0.5923861429712632,1.0
0.8852787103515037,0.42069752960095497,2.0
0.5830687155685613,0.2701805282328327,0.0
0.5380346505863631,0.5747106190994387,1.0
0.3214571492578995,0.44507427671664734,0.0
0.03730148255920285,0.32991512927458755,0.0
0.1609437965500813,0.04043785228592578,0.0
0.40667974887238223,0.7870710334971506,1.0
0.3257255666050616,0.5628849646870044,0.0
0.7316265171329634,0.7909272702372959,1.0
0.30461141484663234,0.638002922365504,0.0
0.3873444190452905,0.7031430989362998,0.0
0.08406356650715308,0.06838638185385015,0.0
0.93168505413804,0.11813263226755688,2.0
0.5905404135380578,0.017671311513840604,0.0
0.9383550542244817,0.4017334993925815,2.0
0.8133461448370253,0.5341822366219048,1.0
0.08273391079052028,0.7440467474382741,0.0
0.09091789493646518,0.9406459814129903,0.0
0.8560133890791833,0.6089996128337183,1.0
0.6458562633175602,0.995222203454693,1.0
0.8999919098705904,0.8254133395224386,1.0
0.2904596935950089,0.6707927262092053,0.0
0.8933803598806507,0.8522484050057043,1.0
0.7283158537518148,0.13875351898526123,2.0
0.5826420739309232,0.726122478035436,1.0
0.7932768701583276,0.6675730208276789,1.0
0.38618094654552537,0.5950535709353039,0.0
0.19728708424142882,0.15046981534351167,0.0
0.91848345581492,0.1861540820819162,2.0
0.0870793158244737,0.39139157610507624,0.0
0.2608316291340046,0.9405592436640134,0.0
0.13129005883132672,0.7631772330330686,0.0
0.22618812547878075,0.04273252026234464,0.0
0.24352616875207034,0.2820060586226544,0.0
0.3614957794468454,0.4786245216285878,0.0
0.4045584426114207,0.9621458395225241,1.0
0.16997388270853053,0.47863946116471345,0.0
0.5378832474704623,0.793285091106393,1.0
0.2992948005759807,0.19996544225657176,0.0
0.1550318590748354,0.5382723368493968,0.0
0.11968632099092058,0.9469920611175664,0.0
0.4511444601962119,0.2826919615582132,0.0
0.8846927307501626,0.7545388848820392,1.0
0.1377435150131906,0.11199122646826987,0.0
0.10042253506284893,0.3896971056671704,0.0
0.8555080785491505,0.5142317842333424,1.0
0.0499578630709564,0.859387758203765,0.0
0.9120059386950115,0.8259991359763443,1.0
0.023788357867776444,0.034603325425607734,0.0
0.5396696466877525,0.11809785745253876,0.0
0.8079149184578855,0.7946051183348605,1.0
0.7314504376219899,0.04741179233545734,2.0
0.8668201685528458,0.07894046320725723,2.0
0.7289785006859677,0.5750507879753968,1.0
0.5670626419748496,0.9533724601350496,1.0
0.6865724466971233,0.41775142558804745,2.0
0.07097088052329092,0.12991627369962844,0.0
0.9914204559793559,0.07687962018557537,2.0
0.018342890906373976,0.867537555776037,0.0
0.8319509562558315,0.22732622468563612,2.0
0.6712421887515606,0.4651604719643443,2.0
0.08175035932370511,0.805100000192408,0.0
0.048861734302166115,0.39321427141512655,0.0
0.28827868663122436,0.23006240832801705,0.0
0.3373310607811335,0.7102193107520257,0.0
0.98810544639367,0.8000760565886327,1.0
0.24861759419318952,0.5571687830400119,0.0
0.6843397810086308,0.48808371523151683,1.0
0.6875491968533929,0.31962894260902674,2.0
0.3355889228022195,0.5002474700534342,0.0
0.6304528052954851,0.2659666433699883,2.0
0.3746265529882753,0.8114204300413159,0.0
0.8826097938258468,0.708851593297739,1.0
0.6738586757739616,0.8623537883362069,1.0
0.48432439734398014,0.4692201350020352,0.0
0.9474132054209838,0.2048731506930238,2.0
0.8413345065772203,0.4385848568948719,2.0
0.6320348115107929,0.6695550021425924,1.0
0.07178158542626067,0.9965256909803399,0.0
0.4752689251019123,0.3093362930371122,0.0
0.3092710892206785,0.19051587216251564,0.0
0.6142237915564931,0.3947196799567021,2.0
0.47046557155055047,0.0918825597959887,0.0
0.10128583597024476,0.012827964850350315,0.0
0.27582033625776614,0.20099855689979895,0.0
0.20664707415748884,0.6239868324154563,0.0
0.30431673340264076,0.4483949959141399,0.0
0.19633583980648983,0.34116547742909065,0.0
0.2914477952261081,0.6795304302860018,0.0
0.6282070967289629,0.7752320594313563,1.0
0.12997943168810322,0.9140067278595588,0.0
0.6209309803625046,0.22369460092333082,2.0
0.7973256580331508,0.8325581983775421,1.0
0.6235430086171422,0.14445642465018504,0.0
0.1699984796787345,0.4804958156290621,0.0
0.4906686012462207,0.14822663817355297,0.0
0.2417981836011599,0.8353687222606581,0.0
0.613467854426211,0.5597468853811081,1.0
0.07425527455141367,0.558795698753216,0.0
0.7696226414794456,0.18278591181569204,2.0
0.4901446346176084,0.7511088351646935,1.0
0.647044440160745,0.013781713823419639,0.0
0.6077395259498618,0.8430794169499247,1.0
0.5887469398409076,0.3725235056088615,2.0
0.49807092705148537,0.5198583178394189,1.0
0.08108884653091841,0.8296061104828292,0.0
0.45127017993383134,0.5063053936203571,0.0
0.306397871326734,0.2679583875257414,0.0
0.2781050288421658,0.0067338366588544085,0.0
0.01019125728018333,0.049473296493252716,0.0
0.9164360878635551,0.5413382124154857,1.0
0.2742367227936322,0.21540470625336616,0.0
0.8809171860473242,0.5902882353948192,1.0
0.5813910407864388,0.8007083128778607,1.0
0.85643009211094,0.8692988179802991,1.0
0.42217218052758065,0.33491972046012664,0.0
0.6040216838501652,0.29991148017481195,2.0
0.2994209211269857,0.39469605122943907,0.0
0.8799076361485558,0.45544674117340245,2.0
0.05750635198617415,0.4836173213733769,0.0
0.8271723567034911,0.34062478712814603,2.0
0.20807028752204393,0.818832435374529,0.0
0.6177628445133778,0.10211327954302518,0.0
0.5431936343761133,0.10438844873699615,0.0
0.8870495649280937,0.733668465176239,1.0
0.39260272713235556,0.6756794503571633,0.0
0.6068153532247863,0.1940662859916552,0.0
0.1170689684877867,0.9653240546197274,0.0
0.8341117920723776,0.7632734212703426,1.0
0.6568521255858654,0.7734515931167544,1.0
0.10698661500310458,0.30625999197884124,0.0
0.7536903285583832,0.9346458547563098,1.0
0.7513982619511277,0.7492076521394421,1.0
0.9713975799955655,0.2078995070857541,2.0
0.7009785453146001,0.48945871126109597,2.0
0.3174695850784709,0.45892773593471936,0.0
0.9319258067403952,0.0003007715749541173,2.0
0.7571617662025368,0.267844142322907,2.0
0.8854608454502221,0.12266114934173111,2.0
0.9206162768313154,0.12467279182551583,2.0
0.975130411880704,0.607846864007529,1.0
0.37988429084385256,0.10647837304919694,0.0
0.22226929773500026,0.13782589349204688,0.0
0.22299187103615115,0.7630200925886875,0.0
0.06294302882961678,0.5145604111388865,0.0
0.2001398277101455,0.35202420496066633,0.0
0.6145236439690429,0.035489331716276884,0.0
0.6589858333656974,0.22757473692284547,2.0
0.5353488060119946,0.5625894340523533,1.0
0.9870651207232254,0.6020882089322557,1.0
0.9999684363575045,0.6082037399381237,1.0
0.03822293221726325,0.32056789092822435,0.0
0.18930161243893018,0.5815513673828824,0.0
0.023231867405591133,0.9564906709056138,0.0
0.20069986292814346,0.6599362596687482,0.0
0.8170387503257083,0.8895662658861946,1.0
0.4754900332673414,0.8349784155921263,1.0
0.44502288428813663,0.5834241789890925,1.0
0.7136108485093161,0.3260501984930849,2.0
0.6086013514346981,0.7611372441161042,1.0
0.09102719880694787,0.9384455241093814,0.0
0.38666707854394666,0.7073405921223679,0.0
0.5468667580396512,0.49620162571763804,2.0
0.11572333221798436,0.8080769913299922,0.0
0.8471823382104223,0.8982249178783439,1.0
0.9549067605549159,0.9492622182282598,1.0
0.5526470980621674,0.23347662368187472,0.0
0.4807301835739791,0.07216532234652373,0.0
0.689537211457558,0.3860880327596714,2.0
0.026416596589697194,0.1803302579762247,0.0
0.19543438261458224,0.8732212030933526,0.0
0.5764018745799175,0.1602992642137956,0.0
0.9962699294082703,0.8137026179862832,1.0
0.04941907609218166,0.7085505980557331,0.0
0.623477618389676,0.40871062183358964,2.0
0.7328136933408922,0.9104137528385368,1.0
0.6713830748483114,0.4102805776724726,2.0
0.08034657736644002,0.3128048378826973,0.0
0.7047956438416392,0.7710591772259662,1.0
0.2719398498194495,0.06726004833219446,0.0
0.09810953020449031,0.13306789962072751,0.0
0.8353480351424375,0.1554574996526451,2.0
0.1833010065126245,0.3319258155469593,0.0
0.1559082792425921,0.7760238084409483,0.0
0.5267722957584395,0.32559586914838035,0.0
0.16795340374353074,0.05850470123673057,0.0
0.36898825606203633,0.4272065907702267,0.0
0.8856471398523736,0.49388880245795197,2.0
0.01862358815391396,0.12644368794428018,0.0
0.9888220200323867,0.3307698986955796,2.0
0.8772853316422649,0.2807495355332489,2.0
0.2609565356654415,0.6891180378842855,0.0
0.6363670673484858,0.9520091559907872,1.0
0.011814103584749325,0.2736934864415034,0.0
0.7492514255974622,0.353353020275909,2.0
0.3697675937995907,0.33519667249233187,0.0
0.5301158510724162,0.39450687458549794,0.0
0.006957962970586706,0.9668675015823178,0.0
0.7500280203611871,0.31058606217328444,2.0
0.21463274769363283,0.6850433089030118,0.0
0.9989363872442973,0.8073868140764029,1.0
0.9568599364411443,0.12438733216073372,2.0
0.4253735765955995,0.30536622155780324,0.0
0.415614627458026,0.6058111056426051,0.0
0.45005213456479287,0.5568556680614217,0.0
0.6916472940302761,0.6713684621788567,1.0
0.6018229348427516,0.37769441340166987,2.0
0.20992038874923813,0.4971491774840985,0.0
0.30287972531534324,0.06499143667852969,0.0
0.7515157139236154,0.08521078188187059,2.0
0.5312267683839719,0.13648351028831585,0.0
0.8108194266908563,0.2026631760304084,2.0
0.1543583490926388,0.011559953798935485,0.0
0.8054435607743359,0.40576205152554135,2.0
0.5181519705295421,0.19837168756477586,0.0
0.7793431416644939,0.3635166910266312,2.0
0.2602326901353782,0.7119422623290591,0.0
0.047509061728288615,0.52599668069047,0.0
0.6051682075815327,0.321944020147634,2.0
0.0066752566654265655,0.0637885204348646,0.0
0.880305747438364,0.2189353379365585,2.0
0.5046123534762049,0.881695922850092,1.0
0.3909602081057497,0.41278416883876545,0.0
0.48248940719978306,0.8317423937631098,1.0
0.8909658236768049,0.3456258116573506,2.0
0.7272454256685943,0.11554886042221424,2.0
0.17643199677402466,0.3576610006512274,0.0
0.00947892588253485,0.9893495183092287,0.0
0.24576823005805915,0.8715850849359724,0.0
0.5073113529193927,0.5998469484977255,1.0
0.9722767943434527,0.2879110873984547,2.0
0.13129472030350364,0.14537718125095545,0.0
0.7038969389564547,0.6504999764449624,1.0
0.663440302228678,0.8754088378964754,1.0
0.4258175364388427,0.126939115345717,0.0
0.4319415898012282,0.9208342819997181,1.0
0.09079577950451578,0.02739358990631402,0.0
0.107999063420671,0.8071959510979593,0.0
0.7966823143990345,0.5268465813329355,1.0
0.6357557273829634,0.04421842384925556,0.0
0.28273179067448595,0.36947057275196327,0.0
0.47243419572129897,0.3095476213642957,0.0
0.5743305284743468,0.6277196695602197,1.0
0.5746065931558187,0.19901849309094843,0.0
0.6683443953633625,0.17423976134655006,2.0
0.28197983274277283,0.7728295405912641,0.0
0.2307259713780423,0.46422957626870986,0.0
0.23780128633871833,0.8296090641666463,0.0
0.8923169999156887,0.4025825053005597,2.0
0.23640024998587839,0.22391754217725046,0.0
0.11990679616071387,0.29334061074679596,0.0
0.5943732677586411,0.7656617510542253,1.0
0.7263514530675897,0.8379232840434817,1.0
0.8623219137120598,0.16109566451585133,2.0
0.08890547335689525,0.9850702607198588,0.0
0.2019257526359527,0.033222178775190625,0.0
0.6423384769663997,0.410129611658983,2.0
0.04648859664116689,0.8126735446137667,0.0
0.13718545061961807,0.9899366740889319,0.0
0.8890975214930444,0.5916625701038374,1.0
0.4975055290328966,0.8212187279399304,1.0
0.01635265941555908,0.13546519687297554,0.0
0.7387103679215657,0.0874354380459963,2.0
0.3434228115601127,0.6590615264835079,0.0
0.5600247664756539,0.4576620772939768,2.0
0.474563548831193,0.5895020439338802,1.0
0.0457162000723802,0.1940053551017299,0.0
0.003839936687544565,0.19280935986262981,0.0
0.48409855551657055,0.8976848027358619,1.0
0.1969990554376745,0.8484755388280831,0.0
0.4918876549529624,0.22775684699606258,0.0
0.8867553418567358,0.6057349863882566,1.0
0.8049258094909242,0.4266994074618955,2.0
0.4126086432149253,0.22120784410338068,0.0
0.5247902971031174,0.016105207400231247,0.0
0.10565689206215811,0.8630892392789,0.0
0.32237040136568595,0.24297106160664694,0.0
0.7710651615633017,0.9519013376817038,1.0
0.08045628058876797,0.14872678674009898,0.0
0.947970547600479,0.905988946905132,1.0
0.6757389330244099,0.6911731333903902,1.0
0.7945613804052121,0.6485291505230998,1.0
0.35950636098513233,0.4963999870199829,0.0
0.08763849359887221,0.32934296708755173,0.0
0.2248692469655038,0.2977507581071466,0.0
0.15347035043899093,0.2183034111337312,0.0
0.1500985981607421,0.2649881660103999,0.0
0.1691624408818554,0.9021361721058638,0.0
0.8098819764520087,0.43971069179247824,2.0
0.11985301059766129,0.7434837260413314,0.0
0.3634281888158769,0.7137581716102908,0.0
0.3483811034412094,0.25332887452837904,0.0
0.621300600053696,0.8374084358779591,1.0
0.5680504910709715,0.9074856289422165,1.0
0.16532843737453928,0.9741034910958614,0.0
0.5258768658191746,0.5758505585645112,1.0
0.4632959638896198,0.09724026065843927,0.0
0.6551326580255333,0.9418713698816721,1.0
0.6754065399089914,0.43028831599998685,2.0
0.004615367443675633,0.20467209392436536,0.0
0.08724452433520935,0.3646507222555886,0.0
0.8027249868807428,0.7395209295156693,1.0
0.1763297053257581,0.8324352597017861,0.0
0.7056577770368921,0.5017011048010848,1.0
0.4100927091573694,0.6168175483251396,0.0
0.10415881985118747,0.3938268099451887,0.0
0.3538725015055467,0.02188458066299903,0.0
0.260606439600645,0.6582371049516401,0.0
0.15309426731979037,0.6291966811392847,0.0
0.3863364552228853,0.9903153118325004,1.0
0.5881374105151017,0.31993292093211634,2.0
0.4094093899187792,0.33440933841821807,0.0
0.9587233724017841,0.9840426203283644,1.0
0.23705533528622014,0.08752699675338116,0.0
0.034935486485375145,0.018914253937772796,0.0
0.4586321899918604,0.7568343845955666,1.0
0.7145352165374029,0.44965367570439985,2.0
0.46183959047937995,0.6709470770079439,1.0
0.04018101080799563,0.8598232608469029,0.0
0.03761920589554835,0.8820628789138926,0.0
0.45383811275564445,0.02760845432168224,0.0
0.6757877579091405,0.9869523543834574,1.0
0.06021549014295413,0.13443710943476828,0.0
0.22529305320893356,0.10195971515557212,0.0
0.7467724623875627,0.6044261252886163,1.0
0.2856506146160127,0.8269722826320999,0.0
0.1646112729748962,0.17487884443494817,0.0
0.5232829883542539,0.8100724651773991,1.0
0.05862944842432838,0.718756206977075,0.0
0.40622026301334313,0.4289877183644327,0.0
0.7630303332172793,0.6027548559341147,1.0
0.12243562373590244,0.7217341964745355,0.0
0.6691507847946065,0.9461134924337264,1.0
0.36888084324041737,0.47001210694429807,0.0
0.6363235377232392,0.6456520762271584,1.0
0.009162770821497968,0.8967919137616237,0.0
0.9062447796725169,0.031555746421872755,2.0
0.2138518681132976,0.7248761832534736,0.0
0.7137186577406842,0.21679043136889553,2.0
0.36551227861457347,0.7155281305098845,0.0
0.014030952298976773,0.3758812230547739,0.0
0.8526735891063559,0.6385519323635445,1.0
0.4274180670908566,0.2699963437832148,0.0
0.5651469416343463,0.538626597254844,1.0
0.7638772821993147,0.577367310672717,1.0
0.3904683032726989,0.849967272095491,1.0
0.011193738417304866,0.1614413230919235,0.0
0.300038586700314,0.7760717013431456,0.0
0.7422799137102126,0.042311145165066066,2.0
0.3302948577183754,0.48485306682556994,0.0
0.849008894706654,0.7443959247128898,1.0
0.9417998097698375,0.36039783996974073,2.0
0.8034415552348039,0.7686020211842189,1.0
0.8325430965163763,0.32913701151751984,2.0
0.18241503663091407,0.6451639897085524,0.0
0.664321055089681,0.4828563350622971,2.0
0.49437954771468784,0.258753082687324,0.0
0.7206094961749494,0.4480061754998369,2.0
0.21859824060532762,0.2183137342661825,0.0
0.17992644832257088,0.11022801043409236,0.0
0.9013022926583737,0.18206678376493424,2.0
0.7267604690020903,0.6229710483881132,1.0
0.6009439413234275,0.7944355574785344,1.0
0.2791583632702165,0.3457156375467402,0.0
0.22286454729791083,0.2505291641960242,0.0
0.1278188975813246,0.6999127658411004,0.0
0.03136144681852404,0.12718717977904292,0.0
0.8486053218322966,0.13207511101096758,2.0
0.44033317214522616,0.19787924732445816,0.0
0.9425127407118711,0.36798845617246245,2.0
0.6801860162408275,0.007420599255749005,0.0
0.3025993859767604,0.2790575727785821,0.0
0.3245085312546392,0.4395891714558342,0.0
0.6799679162935895,0.7242558741044368,1.0
0.9736939441448045,0.016500109904057036,2.0
0.7362680482581098,0.9083388894874619,1.0
0.8008884556327428,0.4867860695605012,2.0
0.4566811888621788,0.24732252828618884,0.0
0.025703398224917295,0.7192208796091227,0.0
0.09099364105965413,0.7498822674010261,0.0
0.3930912547423183,0.0525288585775624,0.0
0.07476900102431705,0.2742498794394115,0.0
0.6998956418656264,0.7355545647062872,1.0
0.6653076612190593,0.5262448878414022,1.0
0.40813955695843285,0.6199392489662556,0.0
0.19654628869848223,0.06707293318040852,0.0
0.5882267132047914,0.777618292355134,1.0
0.0475555484321043,0.648987296525872,0.0
0.4813961233614026,0.61185992661834,1.0
0.03988003798001938,0.9924287666916377,0.0
0.3070764565919083,0.45721338573647874,0.0
0.15449789227034472,0.9501478400255144,0.0
0.7972253144628197,0.9417261594277129,1.0
0.3545872385413059,0.7043795769059773,0.0
0.14033247366395896,0.07010880986729229,0.0
0.6672432819022224,0.44754361999849845,2.0
0.5373571775419635,0.33282158953512275,0.0
0.023229078359678135,0.45905388316461593,0.0
0.4984785662127913,0.8647366991027992,1.0
0.4412463610424294,0.2146010496050179,0.0
0.5121547276719597,0.3704750100851554,0.0
0.3521270729012317,0.9054046761429816,1.0
0.47067180424980937,0.4642317252732918,0.0
0.1257712788170735,0.9954379716573307,0.0
0.47179853420172635,0.11271387181035264,0.0
0.2526356114671665,0.6720513508096897,0.0
0.013001706608660957,0.32461113666048,0.0
0.19738862031753324,0.5635826604441687,0.0
0.37022396693358106,0.03859784256511678,0.0
0.5134040256462508,0.5231256587020061,1.0
0.13075041446052715,0.91008901917363,0.0
0.7056496527450499,0.6364568417743185,1.0
0.59110872795455,0.5310817062026849,1.0
0.47229378450750925,0.22974655022989543,0.0
0.494212679076111,0.9398825290024015,1.0
0.42908327561825943,0.6289649047139307,0.0
0.7790097771588591,0.09891555127644458,2.0
0.0920559409955356,0.241068204539441,0.0
0.3920076019984696,0.17321922285494928,0.0
0.21685542263971724,0.8720517491535683,0.0
0.14231562191037295,0.43555112267737517,0.0
0.31317692470360425,0.012084552704054285,0.0
0.9476194903146086,0.19374861850794312,2.0
0.7677883819273232,0.08998518077131734,2.0
0.24652718577747268,0.9145805000198555,0.0
0.11997246822117691,0.9160650295677237,0.0
0.8978808443226634,0.4274087794675505,2.0
0.6631353825598425,0.3232527058754766,2.0
0.9411050412766493,0.9971830409605273,1.0
0.5340767553116099,0.6333992828173152,1.0
0.7548602482338262,0.7187607271126972,1.0
0.0636043583289293,0.9643881621833565,0.0
0.2429165332380393,0.6743273147990787,0.0
0.16679812876406275,0.35409873327712604,0.0
0.20070586966800108,0.1853938166960022,0.0
0.4422173269169465,0.3011390624168879,0.0
0.8352603617940598,0.8096376873569116,1.0
0.8990975594684202,0.18333608171100524,2.0
0.31499014500357736,0.9794445782613868,1.0
0.5852536465480564,0.21325447000701003,0.0
0.9127232339964082,0.5483980887337236,1.0
0.08161065821794855,0.9223368857664607,0.0
0.5593176976894236,0.8002127654453104,1.0
0.12504515657700943,0.03751211770387486,0.0
0.6101478893743523,0.2055888266143424,2.0
0.4856087877214904,0.8293521131677478,1.0
0.5489572446472882,0.7700147205848357,1.0
0.23601513144480946,0.8451198997616164,0.0
0.02173875219591115,0.46924475299962143,0.0
0.8575386110536416,0.6439964917455243,1.0
0.941808388851982,0.3391454225906465,2.0
0.79884531505571,0.07374430064252124,2.0
0.4964874119407463,0.5734370698422517,1.0
0.251899955947794,0.21206526348833954,0.0
0.07105526299947573,0.9840286917606904,0.0
0.8084522431263448,0.07238142960703597,2.0
0.2704950021512744,0.5863687366831652,0.0
0.30121612851019175,0.8301660117857935,0.0
0.7561878740557115,0.6931389718568706,1.0
0.16852597835704874,0.0462096616674027,0.0
0.060185470622602155,0.728454536260658,0.0
0.9146585355105661,0.5427043834667933,1.0
0.41029213636924067,0.7674455987475904,1.0
0.04784648559617877,0.09745892644836096,0.0
0.9868117891403325,0.26839862733706776,2.0
0.07572172395455401,0.03144769810232628,0.0
0.6183215541249997,0.25044298807544996,2.0
0.02518386048781307,0.6962820352220911,0.0
0.5254269211198848,0.5382895936892531,1.0
0.6170629915401115,0.250937338616107,2.0
0.5262213691060673,0.2527221031183531,0.0
0.47670234698219416,0.8911875538059194,1.0
0.008805865200601337,0.5385959032097464,0.0
0.7205752826562627,0.6244890193783385,1.0
0.48572716636588553,0.5350861260721665,0.0
0.9402901257434798,0.3799588243153995,2.0
0.8407307886330735,0.7424652413417059,1.0
0.4630690594374667,0.7441866313200224,1.0
0.2559973650656724,0.18966475862275645,0.0
0.3325151071130966,0.8163322540047864,0.0
0.08009379475944911,0.3718006997691723,0.0
0.1021757981814363,0.833168248598783,0.0
0.5042048745092436,0.3385013548884559,0.0
0.07317417013887562,0.9320823286040091,0.0
0.3472598900479067,0.17620727344625708,0.0
0.05033209129847638,0.8866062285412359,0.0
0.9563973591716535,0.22885048695858023,2.0
0.7646415261504138,0.7759054243225443,1.0
0.22317384617033453,0.8484932189214892,0.0
0.9415565314212659,0.2540741587861888,2.0
0.8201441960242065,0.6429130968238588,1.0
0.7087524900727461,0.8621917895417542,1.0
0.5242099954330732,0.08783787851949065,0.0
0.6268366643979951,0.8122757184712815,1.0
0.6724016204077988,0.6666353150294239,1.0
0.21230923531193047,0.18154842998061016,0.0
0.7008690215234094,0.7806987831760059,1.0
0.2659534674638816,0.7690171474479351,0.0
0.7225329232097353,0.8774901960846616,1.0
0.6739953729973585,0.14989104967479805,2.0
0.805349289217076,0.02224695135159649,2.0
0.9051368767022405,0.17174486309871695,2.0
0.7874765196028732,0.3711053540946311,2.0
0.8118772431587994,0.7450119951625086,1.0
0.874046262065769,0.1904872571915628,2.0
0.8600014283563867,0.44404723526223266,2.0
0.8163915918224602,0.5373815063679803,1.0
0.2786935653319432,0.3529814605461461,0.0
0.7510033712985703,0.531082832703084,1.0
0.4290223117470552,0.6129786122832817,0.0
0.739040402304643,0.013748732076816705,2.0
0.12166556276845264,0.4675332475515568,0.0
0.1634550143023883,0.049945402148403595,0.0
0.35641242860237154,0.5890051687644755,0.0
0.12205235909799439,0.18307294607247493,0.0
0.6754491953106551,0.15311706224314758,2.0
0.04451562142681964,0.7203803636750644,0.0
0.45473993565028914,0.7331865538091854,1.0
0.27945302545035566,0.080873468281764,0.0
0.04413101927906138,0.05238740067129444,0.0
0.9924567151608493,0.6929424124049417,1.0
0.13507007712227503,0.24248241600737863,0.0
0.22131126440329263,0.6548414279062785,0.0
0.23372472901406294,0.13332433196727067,0.0
0.8729598727742466,0.431911399976894,2.0
0.7769307703517829,0.9468701543989873,1.0
0.8666484144218627,0.5562370056818936,1.0
0.37950134674223746,0.8344364218052001,1.0
0.18407297359560837,0.40519005116207785,0.0
0.17723775940310893,0.34783186133994115,0.0
0.7860096710731511,0.2630300727538285,2.0
0.27732274679057445,0.8601112072734031,0.0
0.9486539414944889,0.8897944494796907,1.0
0.07131700640117578,0.8369263260491535,0.0
0.5867435692514514,0.9413328438121777,1.0
0.06691553985211174,0.9965036776105539,0.0
0.22348871341796528,0.6029862665955437,0.0
0.07669244515525142,0.7292938758863036,0.0
0.8401115661492095,0.4587111792149795,2.0
0.7998887821615054,0.9689568029388671,1.0
0.11230245072889233,0.8062501578473494,0.0
0.21330867429759404,0.7490419447642781,0.0
0.30501232975444537,0.9856543314731764,1.0
0.8057793756742505,0.3897386829648265,2.0
0.3504604570535327,0.3421543090100928,0.0
0.5754434120262256,0.2033880338931099,0.0
0.8680617041169763,0.8816742217173067,1.0
0.06397967843872909,0.7093117462073966,0.0
0.6013062818988464,0.8234772835886673,1.0
0.045798036913166196,0.783270916951274,0.0
0.6281004791414128,0.17942810597139625,0.0
0.4723471688957317,0.7714535346685706,1.0
0.6474705688843411,0.8245181271635442,1.0
0.6357282861746432,0.9893568964601922,1.0
0.6112104464818952,0.7129488452329759,1.0
0.32358979600814475,0.016193698229884812,0.0
0.6102321950238734,0.5690672690970974,1.0
0.5502645588906719,0.9093618643963238,1.0
0.5631365243960342,0.15844717320371082,0.0
0.4774269608974496,0.973378153202527,1.0
0.39706759483016574,0.7978225763191243,1.0
0.04782208083395312,0.06601311220330686,0.0
0.16885966546011644,0.7937600399672641,0.0
0.2850210206669479,0.6834697087199606,0.0
